"","OBJECT_ID","S_INFO_WINDCODE","TRADE_DT","S_DQ_PRESETTLE","S_DQ_OPEN","S_DQ_HIGH","S_DQ_LOW","S_DQ_CLOSE","S_DQ_SETTLE","S_DQ_VOLUME","S_DQ_AMOUNT","S_DQ_OI","S_DQ_CHANGE","S_DQ_OICHANGE","FS_INFO_TYPE","OPDATE","OPMODE"
"1","{00B31CEE-7485-4DCE-A5B6-48F174315A6B}","CS1505.DCE",20141219,2800,2800,2834,2784,2793,2806,29124,81747.73,4928,-7,4928,2,2016-03-17 11:11:21,0
"2","{EACCD330-FBAA-43C0-B249-F4A0863F3611}","CS1505.DCE",20141222,2806,2795,2800,2727,2738,2755,26170,72117.01,8132,-68,3204,2,2016-03-17 11:11:21,0
"3","{2ACA077C-3906-4F9B-B3AA-11DBA5A6DD5E}","CS1505.DCE",20141223,2755,2736,2760,2715,2740,2745,18726,51420.06,8664,-15,532,2,2016-03-17 11:11:22,0
"4","{0F369FA8-897A-4A87-B353-74CCCCBBC06F}","CS1505.DCE",20141224,2745,2747,2760,2741,2752,2752,8284,22801.85,7722,7,-942,2,2016-03-17 11:11:22,0
"5","{960039B7-75FC-4808-80C5-207CCB44ECBC}","CS1505.DCE",20141225,2752,2750,2750,2665,2727,2724,20260,55191.82,8792,-25,1070,2,2016-03-17 11:11:22,0
"6","{D96120E8-FD88-4767-B98C-BD7C958D48E3}","CS1505.DCE",20141226,2724,2727,2738,2718,2721,2726,9158,24965.14,9116,-3,324,2,2016-03-17 11:11:23,0
"7","{B2CB1AC0-4118-4C0F-AF0C-B450764EC97E}","CS1505.DCE",20141229,2726,2722,2737,2720,2731,2729,5406,14753.944,8528,5,-588,2,2016-03-17 11:11:23,0
"8","{8A3F75A0-54C8-4AE7-8916-BB771DEB7F2C}","CS1505.DCE",20141230,2729,2727,2733,2710,2721,2721,9056,24642.152,8196,-8,-332,2,2016-03-17 11:11:23,0
"9","{AF6F07FB-B4EF-46BD-AF5B-63A69ADCF150}","CS1505.DCE",20141231,2721,2728,2728,2708,2713,2718,5280,14353.346,7520,-8,-676,2,2016-03-17 11:11:24,0
"10","{035E9B1A-5F81-4F62-8444-BAEBD1B3D8AE}","CS1505.DCE",20150105,2718,2718,2718,2678,2684,2691,13408,36086.178,9790,-34,2270,2,2016-03-17 11:11:24,0
"11","{AABE88E1-F75B-42F3-A2D5-B37C9B28D490}","CS1505.DCE",20150106,2691,2689,2697,2624,2630,2652,28882,76600.89,14276,-61,4486,2,2016-03-17 11:11:24,0
"12","{2E80401C-B4B3-4BE1-9489-5267C06DC072}","CS1505.DCE",20150107,2652,2640,2651,2625,2643,2639,16506,43573.9,12144,-9,-2132,2,2016-03-17 11:11:24,0
"13","{7099B36B-8821-48FF-AC9E-AFED5C67FBE2}","CS1505.DCE",20150108,2639,2640,2657,2636,2652,2648,10858,28758.114,12230,13,86,2,2016-03-17 11:11:25,0
"14","{9FDAAC7B-E3FA-4D97-9C91-B442DF5BD3AF}","CS1505.DCE",20150109,2648,2652,2662,2637,2648,2648,12278,32523.114,12758,0,528,2,2016-03-17 11:11:25,0
"15","{220E86C6-A6C0-424E-B6BE-0B467F60AFA0}","CS1505.DCE",20150112,2648,2649,2660,2648,2658,2653,8452,22428.156,12546,10,-212,2,2016-03-17 11:11:25,0
"16","{AD4F86D2-6A45-43CA-9369-76A781364608}","CS1505.DCE",20150113,2653,2658,2661,2638,2658,2646,10230,27075.3,13294,5,748,2,2016-03-17 11:11:25,0
"17","{F2FB9E9E-9128-47C6-8D35-3F7916DFDBAA}","CS1505.DCE",20150114,2646,2646,2665,2646,2647,2654,8676,23028.726,12464,1,-830,2,2016-03-17 11:11:26,0
"18","{130F2262-D722-4663-881E-6AED19D24115}","CS1505.DCE",20150115,2654,2645,2663,2640,2662,2654,7404,19650.93,12536,8,72,2,2016-03-17 11:11:26,0
"19","{2CD706EE-E5DD-43C7-920F-7ABC0E9E2011}","CS1505.DCE",20150116,2654,2660,2693,2655,2684,2675,11940,31949.694,12184,30,-352,2,2016-03-17 11:11:26,0
"20","{BA0BC3CB-7EA1-44F4-930B-477C35AD2287}","CS1505.DCE",20150119,2675,2690,2714,2680,2701,2700,9284,25068.434,10964,26,-1220,2,2016-03-17 11:11:27,0
"21","{340951FA-838A-4082-9E5C-E0294BA248F2}","CS1505.DCE",20150120,2700,2700,2708,2694,2702,2700,4142,11184.934,11160,2,196,2,2016-03-17 11:11:27,0
"22","{75602A6D-1220-484C-9C76-88499CD08448}","CS1505.DCE",20150121,2700,2704,2723,2702,2711,2712,7186,19491.936,10840,11,-320,2,2016-03-17 11:11:27,0
"23","{1A2F7EA0-45D3-4CFF-8D66-231D907B689C}","CS1505.DCE",20150122,2712,2713,2714,2672,2694,2687,10236,27504.862,11980,-18,1140,2,2016-03-17 11:11:27,0
"24","{1D61926A-2824-43CF-96DC-54DE9BF2CE6B}","CS1505.DCE",20150123,2687,2690,2703,2681,2686,2691,4912,13221.75,12616,-1,636,2,2016-03-17 11:11:28,0
"25","{CE666DCF-448E-4C31-937B-63D43AB7E9AB}","CS1505.DCE",20150126,2691,2695,2703,2660,2694,2690,5054,13598.808,12394,3,-222,2,2016-03-17 11:11:28,0
"26","{E508AE22-0DD0-458C-AAE8-977D60D17735}","CS1505.DCE",20150127,2690,2695,2736,2693,2728,2724,12686,34567.982,11850,38,-544,2,2016-03-17 11:11:28,0
"27","{EE7D4F1C-D252-4390-BA5B-7CBA87C5E6DD}","CS1505.DCE",20150128,2724,2725,2763,2704,2759,2737,13162,36028.802,12770,35,920,2,2016-03-17 11:11:28,0
"28","{2387F645-8EDC-43A6-BFB6-5CEA60B9D7D2}","CS1505.DCE",20150129,2737,2760,2828,2750,2780,2784,23132,64416.838,13520,43,750,2,2016-03-17 11:11:28,0
"29","{50839614-FB24-4348-B589-AC3502022AAF}","CS1505.DCE",20150130,2784,2780,2795,2766,2778,2782,14918,41509.652,13628,-6,108,2,2016-03-17 11:11:29,0
"30","{D602BB63-FDAC-4DD6-864D-5C66135B1ECA}","CS1505.DCE",20150202,2782,2781,2812,2765,2796,2785,11744,32714.088,13480,14,-148,2,2016-03-17 11:11:29,0
"31","{C60A3386-635D-417D-AACF-45FFD15D6977}","CS1505.DCE",20150203,2785,2795,2806,2782,2792,2795,9956,27835.928,13972,7,492,2,2016-03-17 11:11:29,0
"32","{694DF281-B093-4848-BBE6-50312B7B2CC4}","CS1505.DCE",20150204,2795,2801,2817,2785,2797,2800,11042,30919.852,14220,2,248,2,2016-03-17 11:11:29,0
"33","{28B9E7EF-06EB-4C8E-81C2-D4D076F9C51B}","CS1505.DCE",20150205,2800,2800,2858,2792,2814,2830,55740,157780.698,17990,14,3770,2,2016-03-17 11:11:30,0
"34","{EC85AD59-D2A0-463A-B744-B01FDC40B86F}","CS1505.DCE",20150206,2830,2821,2839,2815,2839,2827,13580,38392.298,16914,9,-1076,2,2016-03-17 11:11:30,0
"35","{19D358C4-B43F-497B-8D85-B172AB66CC6E}","CS1505.DCE",20150209,2827,2842,2873,2833,2862,2857,42018,120067.81,22138,35,5224,2,2016-03-17 11:11:30,0
"36","{BEDC567A-8040-45B0-B7FC-33DACB2EA258}","CS1505.DCE",20150210,2857,2868,2880,2854,2879,2868,35920,103050.804,24250,22,2112,2,2016-03-17 11:11:31,0
"37","{4DD61723-8D6D-439C-99F8-4C618AD049A9}","CS1505.DCE",20150211,2868,2875,2878,2858,2862,2868,21656,62118.19,23082,-6,-1168,2,2016-03-17 11:11:31,0
"38","{EB86CC8B-77A4-43ED-967E-6770581FCECD}","CS1505.DCE",20150212,2868,2862,2867,2830,2840,2845,30088,85606.96,20088,-28,-2994,2,2016-03-17 11:11:31,0
"39","{CBEA3E0A-75C5-44CF-9CC1-DE16CF6B9C3F}","CS1505.DCE",20150213,2845,2840,2872,2837,2856,2854,21888,62488.032,19640,11,-448,2,2016-03-17 11:11:31,0
"40","{97B6B374-5128-40CE-916D-B533D6E088CE}","CS1505.DCE",20150216,2854,2858,2860,2845,2858,2852,8348,23813.038,18306,4,-1334,2,2016-03-17 11:11:32,0
"41","{43F64BE2-DEDA-4CB2-8FB3-352EDBE71ACC}","CS1505.DCE",20150217,2852,2855,2855,2817,2825,2831,13600,38506.266,16602,-27,-1704,2,2016-03-17 11:11:32,0
"42","{4C83A2C6-4761-41A0-AEEF-E29A96A90907}","CS1505.DCE",20150225,2831,2824,2843,2802,2810,2820,10708,30204.094,16506,-21,-96,2,2016-03-17 11:11:32,0
"43","{6651EE80-FD08-4819-B1B1-924E7E7AEC15}","CS1505.DCE",20150226,2820,2809,2838,2806,2828,2821,14028,39580.972,17270,8,764,2,2016-03-17 11:11:32,0
"44","{CEC23922-AA70-4D9E-A095-AF4A332B8F7D}","CS1505.DCE",20150227,2821,2828,2865,2827,2856,2849,16064,45778.272,18682,35,1412,2,2016-03-17 11:11:33,0
"45","{7F697604-5123-45C1-BBD4-09967C45B55E}","CS1505.DCE",20150302,2849,2856,2875,2856,2861,2864,9402,26927.52,18874,12,192,2,2016-03-17 11:11:33,0
"46","{1D117CDB-9615-445F-9A40-12D53BA9162A}","CS1505.DCE",20150303,2864,2859,2860,2818,2842,2835,11430,32405.91,16686,-22,-2188,2,2016-03-17 11:11:33,0
"47","{EE12F98A-66F2-49EB-ACCA-69AC358F8079}","CS1505.DCE",20150304,2835,2842,2873,2835,2871,2862,19288,55207.64,20064,36,3378,2,2016-03-17 11:11:33,0
"48","{71C21B2C-2B6D-49D1-8FF5-C648669209DA}","CS1505.DCE",20150305,2862,2864,2869,2843,2848,2858,18946,54159.272,17514,-14,-2550,2,2016-03-17 11:11:34,0
"49","{2F54017D-432C-4DA2-9DA3-0BBA609135DA}","CS1505.DCE",20150306,2858,2845,2863,2834,2838,2844,10942,31128.016,15954,-20,-1560,2,2016-03-17 11:11:34,0
"50","{0F0B276F-24D5-4173-A998-CFDB4EF552EB}","CS1505.DCE",20150309,2844,2836,2865,2834,2863,2850,17332,49404.872,18218,19,2264,2,2016-03-17 11:11:34,0
"51","{398DC092-2046-42AE-AA0C-4AB3F3779C28}","CS1505.DCE",20150310,2850,2862,2935,2861,2914,2902,97354,282525.632,40330,64,22112,2,2016-03-17 11:11:34,0
"52","{846BB016-CEAB-4CF8-BADF-D156231C126F}","CS1505.DCE",20150311,2902,2913,2975,2913,2959,2953,121256,358149.944,48316,57,7986,2,2016-03-17 11:11:35,0
"53","{B78ED97D-16CD-4AA8-80AD-75575A2AA590}","CS1505.DCE",20150312,2953,2966,2966,2930,2957,2946,66786,196760.434,46238,4,-2078,2,2016-03-17 11:11:35,0
"54","{3D0E90C8-ABDB-4F1E-A309-37F9A5DE8C82}","CS1505.DCE",20150313,2946,2958,2995,2943,2973,2972,77968,231777.086,48800,27,2562,2,2016-03-17 11:11:35,0
"55","{4E44501F-A663-4244-954D-00728F7C945F}","CS1505.DCE",20150316,2972,2969,3006,2962,2988,2986,98416,293963.326,52990,16,4190,2,2016-03-17 11:11:36,0
"56","{67DBE9C0-B249-4AA9-B388-9B61CF2EE54F}","CS1505.DCE",20150317,2986,2989,2998,2975,2993,2987,38734,115710.566,53352,7,362,2,2016-03-17 11:11:36,0
"57","{0679A47B-8A8A-469F-9659-D72FD27F7257}","CS1505.DCE",20150318,2987,2997,2997,2952,2960,2971,48746,144851.27,43062,-27,-10290,2,2016-03-17 11:11:36,0
"58","{96363A84-5383-49DE-B7F7-CEB47E2AD845}","CS1505.DCE",20150319,2971,2969,2973,2942,2952,2954,36680,108383.066,39252,-19,-3810,2,2016-03-17 11:11:36,0
"59","{A04392F5-5426-48B3-947B-7445F534C5FE}","CS1505.DCE",20150320,2954,2951,2987,2946,2963,2970,47472,140992.382,39014,9,-238,2,2016-03-17 11:11:37,0
"60","{673E7689-6411-4653-9219-CC5515455417}","CS1505.DCE",20150323,2970,2981,2990,2961,2975,2973,18256,54289.094,37638,5,-1376,2,2016-03-17 11:11:37,0
"61","{E3149830-AFC6-4D1B-B4CC-B2BB579D279B}","CS1505.DCE",20150324,2973,2985,3060,2979,3036,3024,72272,218568.21,41254,63,3616,2,2016-03-17 11:11:37,0
"62","{767B242E-9EC2-4EC0-A0B2-9786C137F785}","CS1505.DCE",20150325,3024,3040,3050,3007,3025,3028,36818,111509.93,39576,1,-1678,2,2016-03-17 11:11:37,0
"63","{EC8906B6-5FA3-435C-9CA9-FE8A0E023C8A}","CS1505.DCE",20150326,3028,3025,3047,3011,3037,3032,25556,77488.108,41702,9,2126,2,2016-03-17 11:11:38,0
"64","{C7934125-E38C-44DB-8B8C-1319CAB59ECE}","CS1505.DCE",20150327,3032,3041,3089,3020,3073,3062,86776,265760.17,43870,41,2168,2,2016-03-17 11:11:38,0
"65","{5C377EA4-D7B1-4183-A9FA-5DEF2DB6EAC1}","CS1505.DCE",20150330,3062,3079,3087,3045,3080,3069,27382,84052.01,45362,18,1492,2,2016-03-17 11:11:38,0
"66","{246E0224-FDCA-4610-A733-5D58D1A3ADBA}","CS1505.DCE",20150331,3069,3079,3100,3063,3071,3078,33536,103254.896,44528,2,-834,2,2016-03-17 11:11:39,0
"67","{21907650-1FA1-4DA3-9B5A-3E1704A94447}","CS1505.DCE",20150401,3078,3065,3069,2980,3010,3010,63596,191486.834,30346,-68,-14182,2,2016-03-17 11:11:39,0
"68","{80789F97-BD97-44F3-8E5C-62D49596167F}","CS1505.DCE",20150402,3010,3012,3032,2988,3000,3006,21272,63957.474,28582,-10,-1764,2,2016-03-17 11:11:39,0
"69","{C13CAD68-9FD5-46DA-9CE3-4CB67AE050E3}","CS1509.DCE",20150403,3009,3013,3014,2996,3009,3004,20966,62997.83,30572,0,358,2,2016-03-17 11:11:39,0
"70","{F55CF757-CE35-4DE2-9C1A-0283F3AFAB9A}","CS1509.DCE",20150407,3004,3014,3014,2976,3000,2996,24478,73350.584,30830,-4,258,2,2016-03-17 11:11:40,0
"71","{96BD8DA1-FD93-4A71-A782-4E890B01CDD4}","CS1509.DCE",20150408,2996,3000,3013,2952,2964,2977,63290,188439.294,37294,-32,6464,2,2016-03-17 11:11:40,0
"72","{7E8F25E9-DC33-4D03-92ED-CFD479772D72}","CS1509.DCE",20150409,2977,2965,2970,2948,2963,2960,32340,95734.246,39404,-14,2110,2,2016-03-17 11:11:40,0
"73","{3457774D-63D7-4418-ACAF-7C3A24A4A0DA}","CS1509.DCE",20150410,2960,2961,3004,2960,2997,2979,44112,131442.242,34322,37,-5082,2,2016-03-17 11:11:41,0
"74","{A0AD8338-D44F-4F06-9A27-590293DD573D}","CS1509.DCE",20150413,2979,2984,3043,2984,3032,3020,76314,230504.504,38024,53,3702,2,2016-03-17 11:11:41,0
"75","{F5AE0ED3-335A-407E-98D7-5B41511559C4}","CS1509.DCE",20150414,3020,3035,3038,2989,2998,3010,45220,136143.114,35440,-22,-2584,2,2016-03-17 11:11:41,0
"76","{84D15819-5A96-445E-BE33-6735BF5E4227}","CS1509.DCE",20150415,3010,2999,3001,2914,2936,2946,88170,259828.804,36824,-74,1384,2,2016-03-17 11:11:41,0
"77","{E0B48123-623F-47DE-AD80-AA4F071B0F39}","CS1509.DCE",20150416,2946,2947,2958,2926,2942,2943,37092,109185.878,35880,-4,-944,2,2016-03-17 11:11:41,0
"78","{5CE97F64-F805-4720-AE86-E4F90C40E9DA}","CS1509.DCE",20150417,2943,2945,2971,2937,2968,2957,33852,100120.278,33326,25,-2554,2,2016-03-17 11:11:42,0
"79","{60A94F77-6A40-4D95-A948-DA94C09D94C0}","CS1509.DCE",20150420,2957,2971,2983,2937,2948,2952,31106,91846.798,33046,-9,-280,2,2016-03-17 11:11:42,0
"80","{AB86F278-2201-48CD-93B3-A944E6D13585}","CS1509.DCE",20150421,2952,2950,2963,2928,2946,2944,31260,92049.182,33506,-6,460,2,2016-03-17 11:11:42,0
"81","{14245FF2-742D-45E6-8782-98E6DC52D839}","CS1509.DCE",20150422,2944,2942,2961,2938,2956,2954,20688,61113.706,32608,12,-898,2,2016-03-17 11:11:42,0
"82","{4751D5ED-3C11-464F-B90D-C787F16D216E}","CS1509.DCE",20150423,2954,2953,2973,2953,2956,2961,21454,63541.944,33134,2,526,2,2016-03-17 11:11:43,0
"83","{8DCBEF2B-F7D5-4F30-9C21-9765C63854DE}","CS1509.DCE",20150424,2961,2963,2967,2922,2953,2941,42390,124681.094,33994,-8,860,2,2016-03-17 11:11:43,0
"84","{24D5EC0C-D2A5-456A-8A61-3D94C4CC6B5F}","CS1509.DCE",20150427,2941,2945,2956,2938,2951,2949,14366,42365.406,34494,10,500,2,2016-03-17 11:11:43,0
"85","{C76BCB42-2E69-4465-9B80-82E6FB783055}","CS1509.DCE",20150428,2949,2952,2983,2942,2952,2964,45442,134724.36,33776,3,-718,2,2016-03-17 11:11:43,0
"86","{0C4DE0B3-5494-489C-A2ED-592A4B76304D}","CS1509.DCE",20150429,2964,2955,2955,2930,2947,2942,25622,75380.814,33128,-17,-648,2,2016-03-17 11:11:44,0
"87","{12B67EB7-CDBF-466C-BD2B-B955404B55D3}","CS1509.DCE",20150430,2942,2949,2979,2948,2975,2965,28902,85703.52,33998,33,870,2,2016-03-17 11:11:44,0
"88","{C1BB949B-C8F7-4A38-88BA-2F067B4C5CFC}","CS1509.DCE",20150504,2965,2966,3016,2966,2995,3000,47982,143992.494,35870,30,1872,2,2016-03-17 11:11:44,0
"89","{F45A1B8A-2504-4E7D-ABFF-3E2C43776C77}","CS1509.DCE",20150505,3000,2998,3002,2983,2998,2991,21168,63330.944,33638,-2,-2232,2,2016-03-17 11:11:44,0
"90","{EC4F5669-D078-47A5-8FC8-A9052A401335}","CS1509.DCE",20150506,2991,3001,3001,2989,2997,2994,15402,46124.832,31018,6,-2620,2,2016-03-17 11:11:45,0
"91","{A967E5D0-4830-424C-8DE8-6B80E237069E}","CS1509.DCE",20150507,2994,2995,3032,2983,3009,3015,67812,204464.006,32020,15,1002,2,2016-03-17 11:11:45,0
"92","{E5373A22-3ACF-4323-B822-664FC92EF08E}","CS1509.DCE",20150508,3015,3000,3007,2988,2995,2996,23924,71695.93,29482,-20,-2538,2,2016-03-17 11:11:45,0
"93","{13A851A4-2A43-4029-A2EE-979A1F16BBF7}","CS1509.DCE",20150511,2996,3000,3014,2986,2992,2995,17034,51026.148,28848,-4,-634,2,2016-03-17 11:11:46,0
"94","{B9BB16DA-7C6F-4AE4-A543-68FB1110C514}","CS1509.DCE",20150512,2995,2989,3010,2983,3009,2998,18532,55565.608,29836,14,988,2,2016-03-17 11:11:46,0
"95","{E05A109C-02D3-400B-875B-2F0D47A6CA57}","CS1509.DCE",20150513,2998,3002,3025,3002,3016,3016,22320,67321.532,31118,18,1282,2,2016-03-17 11:11:46,0
"96","{827B1D97-6583-4E2A-A8B7-EF032780518B}","CS1509.DCE",20150514,3016,3016,3027,3005,3025,3016,25634,77322.132,30264,9,-854,2,2016-03-17 11:11:46,0
"97","{95ACC931-5273-4930-A355-989749D1736C}","CS1509.DCE",20150515,3016,3030,3039,3020,3024,3028,24632,74608.55,32276,8,2012,2,2016-03-17 11:11:47,0
"98","{0B11E71E-DBEC-48B9-8DAD-032C7906A5F4}","CS1509.DCE",20150518,3028,3026,3026,3009,3013,3014,13512,40734.45,30044,-15,-2232,2,2016-03-17 11:11:47,0
"99","{CDD6380B-8027-4D0F-99BC-60EBC4DFFA8D}","CS1509.DCE",20150519,3014,3015,3022,3005,3017,3013,14586,43955.67,30626,3,582,2,2016-03-17 11:11:47,0
"100","{74B49E88-8999-4EE6-856F-B453D645CC99}","CS1509.DCE",20150520,3013,3011,3025,2997,3008,3007,27680,83258.66,29426,-5,-1200,2,2016-03-17 11:11:47,0
"101","{33DE0C4F-A756-4BC9-8EC1-E4A8FB185D2C}","CS1509.DCE",20150521,3007,3011,3016,3001,3011,3008,12350,37159.35,28500,4,-926,2,2016-03-17 11:11:48,0
"102","{C81EA7A2-B5CD-457E-AAF6-45441415104A}","CS1509.DCE",20150522,3008,3011,3013,2995,3004,3004,14832,44561.69,27560,-4,-940,2,2016-03-17 11:11:48,0
"103","{657FABD7-E43F-4843-979D-0C3EE07540F0}","CS1509.DCE",20150525,3004,2997,3000,2961,2962,2981,26002,77520.99,25490,-42,-2070,2,2016-03-17 11:11:48,0
"104","{BEC651A9-5AA8-4A6A-98B8-D34A863E5D82}","CS1509.DCE",20150526,2981,2966,2978,2930,2933,2956,31174,92174.06,25056,-48,-434,2,2016-03-17 11:11:48,0
"105","{C55BC8C9-09B3-4C74-9960-49BC7CB8CAF4}","CS1509.DCE",20150527,2956,2928,2942,2890,2894,2912,27890,81229.3,27060,-62,2004,2,2016-03-17 11:11:49,0
"106","{C3681B46-A992-4081-BFF1-D5AEFF7EBA1C}","CS1509.DCE",20150528,2912,2912,2918,2892,2911,2905,24832,72159.93,26330,-1,-730,2,2016-03-17 11:11:49,0
"107","{43A60BC5-BD96-4243-9F2C-D5CACCBE06C8}","CS1509.DCE",20150529,2905,2912,2931,2907,2922,2921,15792,46130.13,24580,17,-1750,2,2016-03-17 11:11:49,0
"108","{8251AAB8-805A-4C91-8AFC-37474036BF4C}","CS1509.DCE",20150601,2921,2930,2948,2930,2931,2936,11798,34642.7,24782,10,202,2,2016-03-17 11:11:49,0
"109","{D4A01981-4DDC-4D04-9D61-2A11BF5BCD05}","CS1509.DCE",20150602,2936,2928,2946,2922,2945,2932,7616,22335,24344,9,-438,2,2016-03-17 11:11:50,0
"110","{045DC419-8F99-4296-90BB-42617255E5AC}","CS1509.DCE",20150603,2932,2946,2946,2920,2925,2931,10942,32072.02,24230,-7,-114,2,2016-03-17 11:11:50,0
"111","{1766E258-67D7-406A-AB87-187155DAC468}","CS1509.DCE",20150604,2931,2920,2927,2877,2909,2904,31070,90236.54,25712,-22,1482,2,2016-03-17 11:11:50,0
"112","{AC005607-AB83-4195-84B3-12175102821C}","CS1509.DCE",20150605,2904,2910,2913,2873,2874,2890,15198,43923.28,27738,-30,2026,2,2016-03-17 11:11:50,0
"113","{929B34A2-D18F-4BCB-BE7C-ED314D75ABF8}","CS1509.DCE",20150608,2890,2862,2882,2817,2876,2847,46204,131582,31482,-14,3744,2,2016-03-17 11:11:51,0
"114","{C3630CC2-5BF1-4F4F-AD10-63BE12018170}","CS1509.DCE",20150609,2847,2880,2890,2866,2879,2877,12972,37324.82,31802,32,320,2,2016-03-17 11:11:51,0
"115","{4B93E8FB-03BB-4B9B-84A6-49759D04F27E}","CS1509.DCE",20150610,2877,2885,2888,2852,2871,2865,20344,58294.25,31256,-6,-546,2,2016-03-17 11:11:51,0
"116","{6B59684A-DF79-45D3-A9EC-74336ACCD550}","CS1509.DCE",20150611,2865,2867,2888,2867,2880,2878,11806,33977.85,30198,15,-1058,2,2016-03-17 11:11:51,0
"117","{3A72101F-BA43-47E0-8687-A94F42F51D61}","CS1509.DCE",20150612,2878,2877,2877,2846,2872,2862,17136,49054.72,31556,-6,1358,2,2016-03-17 11:11:52,0
"118","{27B8E880-CCEC-44B7-B568-675B89201100}","CS1509.DCE",20150615,2862,2840,2863,2813,2836,2835,24688,70002.94,37170,-26,5614,2,2016-03-17 11:11:52,0
"119","{62FA38AA-4325-482A-977F-1C132F307AD0}","CS1509.DCE",20150616,2835,2840,2879,2828,2872,2853,16854,48089.39,38778,37,1608,2,2016-03-17 11:11:53,0
"120","{C11F923E-80BC-4773-90B8-5CB59C9BFCA2}","CS1509.DCE",20150617,2853,2874,2887,2865,2871,2874,12160,34956.47,37970,18,-808,2,2016-03-17 11:11:53,0
"121","{A1EC2C6F-ABE6-4930-88C6-E1A9E2C5CD8A}","CS1509.DCE",20150618,2874,2870,2898,2869,2883,2883,11930,34401.93,36766,9,-1204,2,2016-03-17 11:11:53,0
"122","{51ECF0AD-F086-4C56-9A70-DD6D18DF9FE2}","CS1509.DCE",20150619,2883,2883,2894,2867,2877,2876,9794,28172.61,35658,-6,-1108,2,2016-03-17 11:11:53,0
"123","{5DEBCF7E-8E61-4ABF-AB75-84782E0C1A9C}","CS1509.DCE",20150623,2876,2885,2920,2866,2874,2889,13790,39843.77,34454,-2,-1204,2,2016-03-17 11:11:54,0
"124","{80F48308-1E4E-4240-873C-AC24CD64A14F}","CS1509.DCE",20150624,2889,2872,2879,2851,2872,2863,18352,52549.9,33156,-17,-1298,2,2016-03-17 11:11:54,0
"125","{28953C10-D80E-4881-972C-755EC8398054}","CS1509.DCE",20150625,2863,2872,2877,2852,2853,2860,10748,30747.1,36062,-10,2906,2,2016-03-17 11:11:54,0
"126","{C09E58B3-0ED1-43B5-BEB6-E935597D502C}","CS1509.DCE",20150626,2860,2860,2866,2846,2862,2855,12668,36175.37,33246,2,-2816,2,2016-03-17 11:11:54,0
"127","{7B51708F-B24A-4E47-BCD6-67A6D22CBCA5}","CS1509.DCE",20150629,2855,2871,2876,2839,2839,2850,12822,36549.33,33800,-16,554,2,2016-03-17 11:11:55,0
"128","{40F4759E-EAAE-4542-96A7-D2FFD0E9D5D6}","CS1509.DCE",20150630,2850,2845,2845,2820,2834,2832,9882,27988.72,33058,-16,-742,2,2016-03-17 11:11:55,0
"129","{7EE4C917-6968-4304-B8CC-C680AFCE1AF8}","CS1509.DCE",20150701,2832,2848,2889,2845,2858,2860,10032,28694.93,31530,26,-1528,2,2016-03-17 11:11:56,0
"130","{E4C061BE-1318-4178-A4D8-67808341A250}","CS1509.DCE",20150702,2860,2860,2860,2821,2839,2840,5954,16912.38,31586,-21,56,2,2016-03-17 11:11:56,0
"131","{BCA0647D-53D7-48E7-9BC7-500477F205CC}","CS1509.DCE",20150703,2840,2844,2857,2839,2854,2851,7222,20595.06,31202,14,-384,2,2016-03-17 11:11:56,0
"132","{F3C11A56-AA8D-409A-B197-E9186770ABA6}","CS1509.DCE",20150706,2851,2852,2869,2848,2857,2858,9878,28231.97,30584,6,-618,2,2016-03-17 11:11:57,0
"133","{31755E2A-C5D3-4AE1-85F8-A8620F475C5C}","CS1509.DCE",20150707,2858,2858,2875,2851,2856,2865,11536,33062.09,29864,-2,-720,2,2016-03-17 11:11:57,0
"134","{9B55139D-20EE-484B-890B-3D2408287103}","CS1509.DCE",20150708,2865,2818,2860,2756,2814,2798,111586,312232.02,33862,-51,3998,2,2016-03-17 11:11:57,0
"135","{5B2647C8-1D2E-44D0-9486-218D63D723F7}","CS1509.DCE",20150709,2798,2849,2891,2842,2879,2867,49548,142090.67,23010,81,-10852,2,2016-03-17 11:11:57,0
"136","{98A3F008-BE7F-4E19-8E1C-4BDB8F0A1F30}","CS1509.DCE",20150710,2867,2870,2895,2858,2860,2875,21554,61973.13,22794,-7,-216,2,2016-03-17 11:11:58,0
"137","{3412C813-C9C2-4D5E-B278-AD7D32AC432F}","CS1509.DCE",20150713,2875,2860,2913,2847,2851,2870,18820,54021.03,22536,-24,-258,2,2016-03-17 11:11:58,0
"138","{F84F5687-D89F-4B48-B00E-6C1F3A8CECA4}","CS1509.DCE",20150714,2870,2870,2873,2850,2852,2859,6572,18793.69,21762,-18,-774,2,2016-03-17 11:11:58,0
"139","{B8DB8B57-2CC5-46FC-A7EF-E2190D1648A8}","CS1509.DCE",20150715,2859,2848,2859,2841,2852,2852,3930,11210.17,21238,-7,-524,2,2016-03-17 11:11:58,0
"140","{07DAAB41-5E8C-4DB5-86A2-75C3D149E8EB}","CS1509.DCE",20150716,2852,2858,2890,2850,2887,2868,14868,42653.12,22576,35,1338,2,2016-03-17 11:11:59,0
"141","{B548AEE4-3383-424D-9DC4-9A5FDEFAEC92}","CS1509.DCE",20150717,2868,2887,2900,2872,2892,2888,11596,33490.04,23400,24,824,2,2016-03-17 11:11:59,0
"142","{4C9C0227-2E64-4B3D-883B-C80FD4EE11A0}","CS1509.DCE",20150720,2888,2890,2890,2822,2840,2855,11518,32884.75,21562,-48,-1838,2,2016-03-17 11:11:59,0
"143","{3516293B-AE84-4EC1-A18E-D6154315B313}","CS1509.DCE",20150721,2855,2840,2847,2831,2843,2839,7586,21543.64,21856,-12,294,2,2016-03-17 11:11:59,0
"144","{C9E06B31-818C-4B13-9B51-16315A2E9ADE}","CS1509.DCE",20150722,2839,2841,2853,2836,2846,2845,6164,17536.62,21194,7,-662,2,2016-03-17 11:12:00,0
"145","{8BAE1ADD-A7B4-49BA-8762-8142E0F07253}","CS1509.DCE",20150723,2845,2849,2851,2838,2841,2842,4436,12609.9,20616,-4,-578,2,2016-03-17 11:12:00,0
"146","{4D33490E-A090-4153-95D3-AEB6EE22481D}","CS1509.DCE",20150724,2842,2840,2844,2818,2834,2834,6172,17496.4,19548,-8,-1068,2,2016-03-17 11:12:00,0
"147","{D0765D6D-1B51-4924-A542-80B7180C21E1}","CS1509.DCE",20150727,2834,2835,2835,2775,2777,2792,9206,25707.25,19414,-57,-134,2,2016-03-17 11:12:00,0
"148","{02459ADB-890C-4ABE-B9AB-156DF4324630}","CS1601.DCE",20150728,2443,2443,2453,2425,2438,2437,10194,24852.57,24504,-5,2302,2,2016-01-15 17:56:51,1
"149","{001BF8F9-7E3F-42CF-B5F2-8568AA4C6099}","CS1601.DCE",20150729,2437,2439,2454,2439,2448,2446,5058,12376.75,25018,11,514,2,2016-01-15 17:56:51,1
"150","{EC82B84D-E824-4279-A605-B5749A0C47E7}","CS1601.DCE",20150730,2446,2450,2457,2428,2428,2440,7418,18101.21,26628,-18,1610,2,2016-01-15 17:56:51,1
"151","{B6063979-C97F-401F-AB4E-EF9A948768F6}","CS1601.DCE",20150731,2440,2433,2448,2430,2441,2440,8214,20044.66,25714,1,-914,2,2016-01-15 17:56:51,1
"152","{70BBE241-859A-4514-A001-86968DA54520}","CS1601.DCE",20150803,2440,2435,2436,2392,2409,2413,20690,49934.69,28260,-31,2546,2,2016-01-15 17:56:51,1
"153","{11B13973-C074-4404-88AB-6F69D67910FB}","CS1601.DCE",20150804,2413,2410,2429,2387,2394,2402,16192,38898.12,29016,-19,756,2,2016-01-15 17:56:51,1
"154","{D10F9AF1-B87F-4E5A-94CF-3AF860FEAE3D}","CS1601.DCE",20150805,2402,2402,2409,2380,2403,2395,14308,34274.99,31058,1,2042,2,2016-01-15 17:56:51,1
"155","{CA4E475F-9306-442B-BFC0-F272BFAB9CC7}","CS1601.DCE",20150806,2395,2408,2411,2389,2393,2394,7088,16971.07,31952,-2,894,2,2016-01-15 17:56:51,1
"156","{3E620221-361E-425D-99EA-E13F9C69C7F8}","CS1601.DCE",20150807,2394,2400,2400,2371,2374,2378,9034,21488.87,32988,-20,1036,2,2016-01-15 17:56:51,1
"157","{3D8FB913-E5E7-4275-BC16-AD945AB651AF}","CS1601.DCE",20150810,2378,2373,2390,2338,2350,2355,29562,69626.37,41166,-28,8178,2,2016-01-15 17:56:51,1
"158","{26EEF485-2BD3-4317-8F3B-784CA49EAB45}","CS1601.DCE",20150811,2355,2358,2381,2358,2361,2368,20562,48707.97,40434,6,-732,2,2016-01-15 17:56:51,1
"159","{64B45982-E678-4F79-B5E4-E24D773114CC}","CS1601.DCE",20150812,2368,2355,2366,2344,2352,2355,17340,40840.94,46058,-16,5624,2,2016-01-15 17:56:51,1
"160","{1DB633C8-B4A5-4DF4-A175-9707E5FFF45E}","CS1601.DCE",20150813,2355,2340,2410,2334,2405,2387,48152,114946.89,38790,50,-7268,2,2016-01-15 17:56:51,1
"161","{8BF399B7-DE7A-4570-B3AF-37D3B86655FE}","CS1601.DCE",20150814,2387,2404,2437,2402,2415,2422,33966,82287.32,33942,28,-4848,2,2016-01-15 17:56:51,1
"162","{E531661E-37E5-44AD-B7EA-2801D03F3357}","CS1601.DCE",20150817,2422,2419,2436,2404,2430,2424,16734,40569.6,34492,8,550,2,2016-01-15 17:56:51,1
"163","{D0281CDF-2B04-467B-8B6A-AD15B1235CD5}","CS1601.DCE",20150818,2424,2427,2448,2407,2420,2420,13478,32616.82,34530,-4,38,2,2016-01-15 17:56:51,1
"164","{7AA71265-9B4E-4501-88B7-95772956F667}","CS1601.DCE",20150819,2420,2428,2428,2395,2402,2405,18974,45644.48,35674,-18,1144,2,2016-01-15 17:56:51,1
"165","{95BF2C07-50A3-4499-BE02-C46F09CB6E49}","CS1601.DCE",20150820,2405,2401,2413,2375,2379,2394,17438,41763.09,36848,-26,1174,2,2016-01-15 17:56:51,1
"166","{EE8D1966-6275-421B-8F70-F4CB8AD97D81}","CS1601.DCE",20150821,2394,2381,2391,2363,2372,2377,13322,31672.71,37836,-22,988,2,2016-01-15 17:56:51,1
"167","{BEE67454-5061-496D-884F-98F97325F349}","CS1601.DCE",20150824,2377,2365,2372,2345,2367,2360,25742,60775.91,35932,-10,-1904,2,2016-01-15 17:56:51,1
"168","{04455078-ECDC-43AC-9CBF-398B2889DB8C}","CS1601.DCE",20150825,2360,2370,2415,2370,2395,2391,30620,73228.19,36902,35,970,2,2016-01-15 17:56:51,1
"169","{4F6FEDC8-F80A-44FE-B43E-CDF8EDBCBEC5}","CS1601.DCE",20150826,2391,2400,2405,2384,2390,2395,16864,40404.82,38084,-1,1182,2,2016-01-15 17:56:51,1
"170","{40DA9F08-1C77-4416-9F34-C52A662840A3}","CS1601.DCE",20150827,2395,2393,2395,2361,2375,2374,28318,67227.96,41368,-20,3284,2,2016-01-15 17:56:51,1
"171","{901CA86C-A2C7-468C-B909-713F18D26DD8}","CS1601.DCE",20150828,2374,2389,2407,2374,2375,2391,27300,65276.48,41414,1,46,2,2016-01-15 17:56:51,1
"172","{7F5BC249-E93D-4029-B933-719366AE57AC}","CS1601.DCE",20150831,2391,2378,2378,2303,2309,2352,35024,82389.4,44224,-82,2810,2,2016-01-15 17:56:51,1
"173","{C6408C04-95E1-44FF-9BF4-6748BC43C3A8}","CS1601.DCE",20150901,2352,2318,2340,2292,2312,2313,37382,86479.69,45208,-40,984,2,2016-01-15 17:56:51,1
"174","{FB778E56-87D0-4F1E-9576-F82492E568E7}","CS1601.DCE",20150902,2313,2313,2313,2289,2308,2301,33166,76329.24,48220,-5,3012,2,2016-01-15 17:56:51,1
"175","{D1D08DE3-308A-412A-A430-B4B18B37A5AD}","CS1601.DCE",20150907,2301,2301,2321,2284,2291,2300,37204,85581.3,54920,-10,6700,2,2016-01-15 17:56:51,1
"176","{6496058F-BF83-41F4-806E-AC526FCAF52A}","CS1601.DCE",20150908,2300,2295,2324,2295,2323,2307,22160,51130.54,52884,23,-2036,2,2016-01-15 17:56:51,1
"177","{57BE548B-856A-4746-A971-79255D4DB88C}","CS1601.DCE",20150909,2307,2337,2343,2299,2301,2318,39758,92164.44,66624,-6,13740,2,2016-01-15 17:56:51,1
"178","{39FAF153-075D-4D79-A99E-12A139C7082A}","CS1601.DCE",20150910,2318,2300,2312,2264,2301,2288,81900,187435.59,79166,-17,12542,2,2016-01-15 17:56:51,1
"179","{F3DFDACE-B878-4A2A-9E21-D0176B886E23}","CS1601.DCE",20150911,2288,2305,2323,2301,2304,2311,34206,79077.2,79096,16,-70,2,2016-01-15 17:56:51,1
"180","{6B8E1646-3536-4F20-AD2C-E0B3D54667D1}","CS1601.DCE",20150914,2311,2309,2316,2278,2282,2288,44248,101255.03,84198,-29,5102,2,2016-01-15 17:56:51,1
"181","{D317667F-7711-40C0-962E-3CF26F3069C1}","CS1601.DCE",20150915,2288,2289,2292,2269,2282,2279,35166,80151.4,85658,-6,1460,2,2016-01-15 17:56:51,1
"182","{FB1205C1-D9CF-4EBF-9A57-FA1FC05DF6BC}","CS1601.DCE",20150916,2279,2289,2308,2283,2302,2296,51320,117880.93,85120,23,-538,2,2016-01-15 17:56:51,1
"183","{F55C2AB8-7561-42CB-AF6D-0F2F851F9EBF}","CS1601.DCE",20150917,2296,2308,2310,2280,2289,2292,35002,80225.29,84886,-7,-234,2,2016-01-15 17:56:51,1
"184","{E49BDD45-3B2B-4C0B-9B30-72B58F3AC036}","CS1601.DCE",20150918,2292,2290,2295,2244,2252,2263,99692,225650.86,89758,-40,4872,2,2016-01-15 17:56:51,1
"185","{835720EC-5785-41D6-A1C8-004881C881D3}","CS1601.DCE",20150921,2263,2300,2304,2261,2267,2279,78894,179839.93,83478,4,-6280,2,2016-01-15 17:56:51,1
"186","{5E71DECF-56E5-4F92-A4D6-A20EC03E7476}","CS1601.DCE",20150922,2279,2269,2273,2233,2239,2248,76178,171289.2,89894,-40,6416,2,2016-01-15 17:56:51,1
"187","{EAA296C2-8BBE-4705-A58D-EA4FFEE74245}","CS1601.DCE",20150923,2248,2228,2240,2216,2234,2229,73938,164842.33,94030,-14,4136,2,2016-01-15 17:56:51,1
"188","{4A597F07-67A3-4B55-BEEB-4E2B8EB0FD95}","CS1601.DCE",20150924,2229,2239,2249,2229,2234,2236,29916,66919,91940,5,-2090,2,2016-01-15 17:56:51,1
"189","{E1D85839-F5ED-43A1-8AB1-81F552EE317D}","CS1601.DCE",20150925,2236,2232,2245,2224,2228,2234,30298,67688.28,97030,-8,5090,2,2016-01-15 17:56:51,1
"190","{03DA1ABC-7F75-4BD1-B979-15FB2B2DEAF0}","CS1601.DCE",20150928,2234,2227,2235,2219,2229,2229,25588,57045.49,93088,-5,-3942,2,2016-01-15 17:56:51,1
"191","{811E466A-D90A-4DCC-8981-A56BD64E2883}","CS1601.DCE",20150929,2229,2227,2227,2188,2192,2200,47366,104222.82,90054,-37,-3034,2,2016-01-15 17:56:51,1
"192","{5381E1BA-8C89-4D24-BA4C-18FD3272C0E5}","CS1601.DCE",20150930,2200,2190,2198,2143,2145,2161,63752,137794.66,89764,-55,-290,2,2016-01-15 17:56:51,1
"193","{20703CDB-BEB0-4939-9490-F983A912F70E}","CS1601.DCE",20151008,2161,2145,2145,2037,2041,2065,168204,347467.65,100424,-120,10660,2,2016-01-15 17:56:51,1
"194","{0A803F18-B611-42DF-861F-42B0E779D73D}","CS1601.DCE",20151009,2065,2042,2090,2037,2065,2067,170228,351913.71,96170,0,-4254,2,2016-01-15 17:56:51,1
"195","{66D09460-7CB2-45B8-905F-EEBD5E6E0C61}","CS1601.DCE",20151012,2067,2070,2086,2037,2048,2054,104436,214591.97,100508,-19,4338,2,2016-01-15 17:56:51,1
"196","{F47BE195-F991-4C61-AA01-750B04FDB9A4}","CS1601.DCE",20151013,2054,2052,2052,1983,1999,1999,273952,547827.35,139320,-55,38812,2,2016-01-15 17:56:51,1
"197","{9731F2F5-CAE0-4664-B87C-8E0940EEBCAF}","CS1601.DCE",20151014,1999,1980,2009,1966,1979,1987,307042,610380.44,163424,-20,24104,2,2016-01-15 17:56:51,1
"198","{A9ABB7C6-9042-45EF-B53E-30EBAB73504D}","CS1601.DCE",20151015,1987,1979,2000,1971,1980,1989,193130,384173.11,159558,-7,-3866,2,2016-01-15 17:56:51,1
"199","{FBD065CF-CCB3-4CF7-9538-44F77D76372F}","CS1601.DCE",20151016,1989,1988,1989,1961,1981,1974,219190,432797.67,158146,-8,-1412,2,2016-01-15 17:56:51,1
"200","{BDDACB60-D647-49C0-B1A7-E0EFA5463989}","CS1601.DCE",20151019,1974,1980,1984,1946,1948,1969,224298,441832,188280,-26,30134,2,2016-01-15 17:56:51,1
"201","{B5CBF5FB-D10A-42E0-9ECF-F90C7766C1F3}","CS1601.DCE",20151020,1969,1950,1965,1941,1953,1953,178186,348125.06,175566,-16,-12714,2,2016-01-15 17:56:51,1
"202","{4BD5D1DD-B82E-48EB-ACE8-687E201CA292}","CS1601.DCE",20151021,1953,1953,1973,1946,1952,1957,138044,270255.91,172900,-1,-2666,2,2016-01-15 17:56:51,1
"203","{8F26E3E2-A450-4194-986F-9E906C1F7476}","CS1601.DCE",20151022,1957,1958,1964,1903,1914,1923,413896,795984.21,213386,-43,40486,2,2016-01-15 17:56:51,1
"204","{77E3CEC2-9904-4580-A061-CC365C75EA7D}","CS1601.DCE",20151023,1923,1910,1926,1890,1919,1909,297504,568139.01,214108,-4,722,2,2016-01-15 17:56:51,1
"205","{DFD530ED-FA82-4A36-AB69-0832E9C2BB3D}","CS1601.DCE",20151026,1909,1918,1963,1916,1947,1945,390200,759251.83,209006,38,-5102,2,2016-01-15 17:56:51,1
"206","{2869AA0C-8579-4CD2-A13A-8FB20A9346D9}","CS1601.DCE",20151027,1945,1947,1992,1940,1985,1970,360684,710594.63,216482,40,7476,2,2016-01-15 17:56:51,1
"207","{6F8255E1-CA0D-42A9-8CEE-E0EA1D4D05A4}","CS1601.DCE",20151028,1970,1985,1985,1943,1944,1957,295810,578989.3,223148,-26,6666,2,2016-01-15 17:56:51,1
"208","{232D1678-847C-4BD2-AFDE-018E9E515ED8}","CS1605.DCE",20151029,1963,1960,1973,1949,1963,1963,97990,192431.53,237852,0,10036,2,2016-05-16 16:41:18,1
"209","{C04B9030-92AB-4BB5-BCF9-1135C741E8F6}","CS1605.DCE",20151030,1963,1964,1971,1948,1952,1960,81968,160716.81,248854,-11,11002,2,2016-05-16 16:41:18,1
"210","{BD033A0F-587C-4C72-8439-1ECF8892E5E2}","CS1605.DCE",20151102,1960,1970,1971,1956,1966,1964,61116,120039.55,244314,6,-4540,2,2016-05-16 16:41:18,1
"211","{8F8F5543-0DCA-4A33-8869-413251E3331D}","CS1605.DCE",20151103,1964,1963,2003,1960,1987,1986,189172,375822.64,242084,23,-2230,2,2016-05-16 16:41:18,1
"212","{36A88EC9-41AA-4169-82F5-103D53D156FE}","CS1605.DCE",20151104,1986,1991,2034,1989,2025,2020,211174,426748.79,233190,39,-8894,2,2016-05-16 16:41:18,1
"213","{FAB5A11D-8A69-490F-8321-90DBE25AFBBB}","CS1605.DCE",20151105,2020,2029,2045,2022,2039,2035,172764,351742.39,267250,19,34060,2,2016-05-16 16:41:18,1
"214","{8CA62CC5-FA5A-4E47-9E58-6EFAADAAD49B}","CS1605.DCE",20151106,2035,2034,2074,1991,2070,2044,211760,432969.36,298412,35,31162,2,2016-05-16 16:41:18,1
"215","{2AF98B62-0D41-404B-8352-02DFB36D9F3B}","CS1605.DCE",20151109,2044,2066,2123,2057,2094,2089,492038,1028343.93,295594,50,-2818,2,2016-05-16 16:41:18,1
"216","{4D58FF21-6F72-4039-AD52-178269EF56AF}","CS1605.DCE",20151110,2089,2090,2093,2015,2044,2049,500188,1025361.29,326236,-45,30642,2,2016-05-16 16:41:18,1
"217","{F736D2F2-5BE1-4FF4-B895-6162BA84EE22}","CS1605.DCE",20151111,2049,2040,2049,2022,2045,2035,269316,548210.66,341594,-4,15358,2,2016-05-16 16:41:18,1
"218","{B59BB4F5-36CD-45BE-BE88-7D9C96F99250}","CS1605.DCE",20151112,2035,2040,2116,2025,2116,2080,818774,1703259.93,325136,81,-16458,2,2016-05-16 16:41:18,1
"219","{22A108AC-4EB1-4A99-8ED9-99B437FB41F9}","CS1605.DCE",20151113,2080,2120,2147,2107,2137,2128,603126,1283524.96,290656,57,-34480,2,2016-05-16 16:41:18,1
"220","{C9D10EEB-1484-4446-9B2D-EE84BB3EFA94}","CS1605.DCE",20151116,2128,2138,2155,2100,2123,2120,714682,1515632.78,359670,-5,69014,2,2016-05-16 16:41:18,1
"221","{BABDCC06-9DF0-47A1-BB12-5DFC28D780C5}","CS1605.DCE",20151117,2120,2127,2127,2088,2118,2105,754336,1588453.21,393146,-2,33476,2,2016-05-16 16:41:18,1
"222","{7AD3523E-E942-4FB9-9253-5546C18D555B}","CS1605.DCE",20151118,2105,2118,2139,2097,2115,2114,832008,1759669.46,418206,10,25060,2,2016-05-16 16:41:18,1
"223","{E30738AC-989A-4091-ABDD-7904F657164C}","CS1605.DCE",20151119,2114,2113,2115,2059,2084,2081,885264,1842674.43,416328,-30,-1878,2,2016-05-16 16:41:18,1
"224","{9F550511-3365-4F00-BC64-4E5C7C693344}","CS1605.DCE",20151120,2081,2090,2126,2057,2096,2087,1114406,2326054.74,412706,15,-3622,2,2016-05-16 16:41:18,1
"225","{0CBD24AE-BEA4-4268-9DE5-E7313CEC077A}","CS1605.DCE",20151123,2087,2106,2134,2089,2120,2110,901642,1902836.25,445400,33,32694,2,2016-05-16 16:41:18,1
"226","{72E28E92-ECF5-4537-8AF3-4C79FD86C6DF}","CS1605.DCE",20151124,2110,2124,2193,2123,2135,2146,1386866,2976510.94,456404,25,11004,2,2016-05-16 16:41:18,1
"227","{8AE2AB43-C0FD-4503-B6E3-3B26E8E6252E}","CS1605.DCE",20151125,2146,2140,2169,2111,2168,2140,1092756,2339573.58,467360,22,10956,2,2016-05-16 16:41:18,1
"228","{8559220C-19FD-44D7-9585-BA37C7B79BAD}","CS1605.DCE",20151126,2140,2177,2186,2154,2155,2167,743270,1611015.02,456254,15,-11106,2,2016-05-16 16:41:18,1
"229","{6C5CD87A-44E1-4976-BCF6-C45BB7E30923}","CS1605.DCE",20151127,2167,2153,2203,2148,2203,2183,903890,1973698.67,471606,36,15352,2,2016-05-16 16:41:18,1
"230","{9C7C610E-5496-447E-9AB6-8883BFBA2A3E}","CS1605.DCE",20151130,2183,2198,2211,2176,2190,2191,697734,1529393.98,517370,7,45764,2,2016-05-16 16:41:18,1
"231","{5217DBF4-205D-4D90-9260-8D3F589A7DBF}","CS1605.DCE",20151201,2191,2197,2205,2155,2160,2171,721158,1566177.81,523622,-31,6252,2,2016-05-16 16:41:18,1
"232","{2C2A51F0-CA9B-4DC7-BB2E-0D1A9BCB467A}","CS1605.DCE",20151202,2171,2166,2175,2153,2157,2163,574792,1243443.34,524394,-14,772,2,2016-05-16 16:41:18,1
"233","{0D2FDB67-A887-4AD5-AA15-7DC370FC3B1A}","CS1605.DCE",20151203,2163,2154,2177,2142,2166,2162,530784,1147731.09,537388,3,12994,2,2016-05-16 16:41:18,1
"234","{B1D6F0C9-5B54-4E61-A264-91B3E959ADCF}","CS1605.DCE",20151204,2162,2168,2171,2107,2108,2127,1067972,2272599.12,560074,-54,22686,2,2016-05-16 16:41:18,1
"235","{D0AEF3C9-30FB-4F7B-AAF6-93B14726BD34}","CS1605.DCE",20151207,2127,2105,2116,2065,2074,2084,967676,2017335.78,533928,-53,-26146,2,2016-05-16 16:41:18,1
"236","{13469E55-577F-4A0D-8C2F-C652941AA7CC}","CS1605.DCE",20151208,2084,2064,2078,2036,2063,2058,692026,1424281.84,494672,-21,-39256,2,2016-05-16 16:41:18,1
"237","{52838C69-6BBB-4FA7-AD7A-9D80D81C53C9}","CS1605.DCE",20151209,2058,2066,2078,2031,2038,2047,641576,1313566.33,518650,-20,23978,2,2016-05-16 16:41:18,1
"238","{43C02C31-A2B3-4C4B-8AC4-8D0D7CB9DC6B}","CS1605.DCE",20151210,2047,2035,2070,2028,2065,2048,667922,1368561.59,516406,18,-2244,2,2016-05-16 16:41:18,1
"239","{C98C950D-9160-4CDC-9C5A-011B737D91BB}","CS1605.DCE",20151211,2048,2064,2077,2051,2076,2063,488716,1008272.26,490436,28,-25970,2,2016-05-16 16:41:18,1
"240","{74AAE466-E77D-4C36-B950-B8AE695C0F6C}","CS1605.DCE",20151214,2063,2070,2083,2053,2067,2066,510436,1054683.45,491012,4,576,2,2016-05-16 16:41:18,1
"241","{73A61299-0F0D-4F7A-86A3-70C785F72FCC}","CS1605.DCE",20151215,2066,2069,2099,2068,2090,2086,605520,1263530.83,459990,24,-31022,2,2016-05-16 16:41:18,1
"242","{0ED5DB3A-51E0-48E4-A7F6-93CFB3353B6E}","CS1605.DCE",20151216,2086,2087,2096,2078,2082,2084,339280,707363.47,468962,-4,8972,2,2016-05-16 16:41:18,1
"243","{85FE2CFE-67AA-454D-8F75-72C3C882F26E}","CS1605.DCE",20151217,2084,2084,2120,2080,2120,2102,545120,1146360.3,483314,36,14352,2,2016-05-16 16:41:18,1
"244","{C91B28ED-263B-467F-A7FF-EE1DBAF63ED9}","CS1605.DCE",20151218,2102,2120,2143,2114,2133,2130,597196,1272088.55,455360,31,-27954,2,2016-05-16 16:41:18,1
"245","{7D00E184-F917-40BA-B065-D046EDF3948D}","CS1605.DCE",20151221,2130,2135,2138,2111,2125,2123,510518,1083926.62,434216,-5,-21144,2,2016-05-16 16:41:18,1
"246","{F413576C-4538-4651-8A2C-38179A539074}","CS1605.DCE",20151222,2123,2125,2162,2092,2097,2129,1122202,2389650.87,416132,-26,-18084,2,2016-05-16 16:41:18,1
"247","{D5D2ADE8-5EAE-41A2-8483-333CF970932D}","CS1605.DCE",20151223,2129,2093,2101,2074,2093,2086,618512,1290618.62,408416,-36,-7716,2,2016-05-16 16:41:18,1
"248","{12167C16-C663-41DF-977A-7CB7297D7EE1}","CS1605.DCE",20151224,2086,2093,2106,2080,2088,2089,515416,1077165.69,419062,2,10646,2,2016-05-16 16:41:18,1
"249","{AC39E6FC-BAEC-4530-8A55-173FB780675D}","CS1605.DCE",20151225,2089,2087,2095,2061,2063,2080,609014,1267252.7,445732,-26,26670,2,2016-05-16 16:41:18,1
"250","{D3035B29-BEF6-4851-9BF4-F190F558B7C7}","CS1605.DCE",20151228,2080,2055,2060,1997,1997,2023,1076406,2177600.65,500812,-83,55080,2,2016-05-16 16:41:18,1
"251","{0DE1D4CD-EE41-4DE8-907E-D693084CC058}","CS1605.DCE",20151229,2023,2000,2052,2000,2043,2027,943800,1913741.42,453376,20,-47436,2,2016-05-16 16:41:18,1
"252","{488C01F9-A4F8-4F40-8D21-4FE5C6CEECD4}","CS1605.DCE",20151230,2027,2051,2082,2032,2044,2053,1028908,2112379.95,470908,17,17532,2,2016-05-16 16:41:18,1
"253","{6DDD8857-19D7-4F37-A1F0-1FAD03A0D412}","CS1605.DCE",20151231,2053,2041,2064,2023,2054,2046,867142,1774732.13,465646,1,-5262,2,2016-05-16 16:41:18,1
"254","{7FDA7B9C-AA5C-4FCA-8D6D-DB905EFEC43B}","CS1605.DCE",20160104,2046,2047,2063,2028,2050,2046,835468,1710008.88,478552,4,12906,2,2016-05-16 16:41:18,1
"255","{E491B851-02DF-4D3F-8B30-EDFBFAB20DB6}","CS1605.DCE",20160105,2046,2045,2078,2040,2076,2055,692650,1423680.73,476778,30,-1774,2,2016-05-16 16:41:18,1
"256","{54F52F43-209F-4E1D-87F8-0E14EF1D70DE}","CS1605.DCE",20160106,2055,2064,2089,2059,2081,2071,740636,1534431.54,470190,26,-6588,2,2016-05-16 16:41:18,1
"257","{819D0CF4-E7DE-4A5A-AA25-662DD5F4E5B8}","CS1605.DCE",20160107,2071,2085,2087,2033,2036,2056,903698,1858167.42,512624,-35,42434,2,2016-05-16 16:41:18,1
"258","{60E680F9-0F32-4FB9-8A06-E3A8D388C98A}","CS1605.DCE",20160108,2056,2043,2054,2035,2046,2043,661654,1352401.69,513866,-10,1242,2,2016-05-16 16:41:18,1
"259","{C29DA94C-2155-48A7-8411-EB923E65DD27}","CS1605.DCE",20160111,2043,2040,2068,2029,2061,2056,778980,1601774.96,500780,18,-13086,2,2016-05-16 16:41:18,1
"260","{9EF1F06B-4E38-4C57-B9CD-4663CF2B3EEA}","CS1605.DCE",20160112,2056,2056,2083,2046,2078,2068,843684,1745009.85,484542,22,-16238,2,2016-05-16 16:41:18,1
"261","{C8FB5293-80C0-4993-9098-624703C3D465}","CS1605.DCE",20160113,2068,2079,2082,2063,2072,2072,663264,1374309.25,494632,4,10090,2,2016-05-16 16:41:18,1
"262","{7F8EA22E-13AD-4255-89F3-C9F198CC86E5}","CS1605.DCE",20160114,2072,2072,2093,2057,2071,2072,1000098,2073063.32,534230,-1,39598,2,2016-05-16 16:41:18,1
"263","{D29AC0CB-BA62-454E-8F61-C8EB157BB8B1}","CS1605.DCE",20160115,2072,2074,2080,2058,2079,2068,606324,1254190.41,481416,7,-52814,2,2016-05-16 16:41:18,1
"264","{F48B68FE-E385-43F4-BB70-C877F9EF02A0}","CS1605.DCE",20160118,2068,2075,2100,2074,2090,2089,594674,1242724.02,458082,22,-23334,2,2016-05-16 16:41:18,1
"265","{8E3F3AA3-3246-462D-9518-4368B09617A7}","CS1605.DCE",20160119,2089,2088,2091,2066,2083,2076,698678,1450851.05,493158,-6,35076,2,2016-05-16 16:41:18,1
"266","{D6ACD8F3-BF3F-43A5-9732-1AF915557E01}","CS1605.DCE",20160120,2076,2077,2103,2069,2085,2087,765272,1597809.64,502448,9,9290,2,2016-05-16 16:41:18,1
"267","{0C088916-8FCB-4952-A68D-2333BCB0792A}","CS1605.DCE",20160121,2087,2084,2096,2076,2095,2087,519100,1083862.08,489892,8,-12556,2,2016-05-16 16:41:18,1
"268","{7A63A554-0F07-40B3-895B-E730C04A7FCE}","CS1605.DCE",20160122,2087,2100,2140,2099,2140,2126,794594,1689877.53,473176,53,-16716,2,2016-05-16 16:41:18,1
"269","{90E518DC-735F-4A85-A861-4FA19CDBEDD1}","CS1605.DCE",20160125,2126,2139,2154,2129,2154,2141,443654,950239.84,497336,28,24160,2,2016-05-16 16:41:18,1
"270","{4E8A23F9-A5FC-465F-80B6-2E240CE0351B}","CS1605.DCE",20160126,2141,2151,2156,2125,2128,2140,599240,1282624.76,481050,-13,-16286,2,2016-05-16 16:41:18,1
"271","{25E7BF11-48BC-42AF-83CE-582B00BB1616}","CS1605.DCE",20160127,2140,2129,2150,2124,2149,2136,393794,841444.24,462020,9,-19030,2,2016-05-16 16:41:18,1
"272","{DCB99C67-9138-4742-ABF5-D74416199BF3}","CS1605.DCE",20160128,2136,2136,2146,2120,2140,2137,385528,823924.5,476570,4,14550,2,2016-05-16 16:41:18,1
"273","{12A9B4DA-0BAB-4DEE-AB7D-7037C2478B7A}","CS1605.DCE",20160129,2137,2133,2145,2107,2116,2121,443346,940751.88,450630,-21,-25940,2,2016-05-16 16:41:18,1
"274","{96E89CFD-FAAB-4DF8-A2BA-87D02FA44892}","CS1605.DCE",20160201,2121,2119,2134,2117,2127,2127,229098,487384.43,437454,6,-13176,2,2016-05-16 16:41:18,1
"275","{D3EE5388-CAB3-47C3-9625-CE9F70667FFB}","CS1605.DCE",20160202,2127,2128,2135,2118,2131,2127,220450,469099.99,429400,4,-8054,2,2016-05-16 16:41:18,1
"276","{2CC5956A-556D-4F58-8552-B0EE3C2E7D4B}","CS1605.DCE",20160203,2127,2129,2141,2123,2138,2134,192706,411313.4,430154,11,754,2,2016-05-16 16:41:18,1
"277","{475C1AC5-A144-443F-9CCA-A16CCF358F33}","CS1605.DCE",20160204,2134,2141,2166,2130,2143,2148,252896,543256.29,412860,9,-17294,2,2016-05-16 16:41:18,1
"278","{EC2AFD1D-92E6-4E7C-AF25-1D527C14BD70}","CS1605.DCE",20160205,2148,2140,2147,2132,2139,2139,134246,287210.69,405782,-9,-7078,2,2016-05-16 16:41:18,1
"279","{AABDF10D-2A4D-4E75-96DC-20EEC471CCA5}","CS1605.DCE",20160215,2139,2133,2171,2133,2169,2157,195486,421769.97,403158,30,-2624,2,2016-05-16 16:41:18,1
"280","{8AB78EF3-DC94-4082-9C23-FCA53FCB7F66}","CS1605.DCE",20160216,2157,2169,2174,2151,2156,2160,187454,405025.86,405814,-1,2656,2,2016-05-16 16:41:18,1
"281","{1880E607-BD1F-41C2-9FBD-3E943705E4E8}","CS1605.DCE",20160217,2160,2148,2155,2101,2107,2122,484698,1029013.68,431136,-53,25322,2,2016-05-16 16:41:18,1
"282","{F0595F6E-06A5-4037-855D-9A24C168E6A7}","CS1605.DCE",20160218,2122,2105,2116,2083,2091,2095,492672,1032474.34,474122,-31,42986,2,2016-05-16 16:41:18,1
"283","{7E1F68E6-5488-4AC3-9C44-A938371E60D7}","CS1605.DCE",20160219,2095,2088,2109,2075,2077,2092,480340,1005060.17,485286,-18,11164,2,2016-05-16 16:41:18,1
"284","{B014B4C4-4AE2-4A32-9123-51E259700C48}","CS1605.DCE",20160222,2092,2075,2096,2071,2080,2081,425612,886012.34,451668,-12,-33618,2,2016-05-16 16:41:18,1
"285","{D3769057-F918-4D9D-BE75-349AC8AEE539}","CS1605.DCE",20160223,2081,2085,2095,2046,2090,2073,682208,1414591.01,485064,9,33396,2,2016-05-16 16:41:18,1
"286","{59B4EE8F-4F01-41D1-92B3-CAC79EFA6A9D}","CS1605.DCE",20160224,2073,2085,2092,2049,2067,2072,567124,1175204.8,470834,-6,-14230,2,2016-05-16 16:41:18,1
"287","{7A2877A0-903B-4AEA-AEB7-8EF913F3A4F9}","CS1605.DCE",20160225,2072,2068,2080,2057,2067,2068,358050,740751.04,471700,-5,866,2,2016-05-16 16:41:18,1
"288","{9A82390E-029A-4FCE-9445-5701CA27FEB6}","CS1605.DCE",20160226,2068,2060,2083,2057,2064,2073,426370,883967.04,475182,-4,3482,2,2016-05-16 16:41:18,1
"289","{DC4329C1-814C-47A4-A63D-AA57D057A926}","CS1605.DCE",20160229,2073,2060,2061,1991,2049,2024,1089146,2205185.83,526822,-24,51640,2,2016-05-16 16:41:18,1
"290","{CF68C734-C3E0-4C62-B8A9-BF3EE0793D37}","CS1605.DCE",20160301,2024,2048,2092,2040,2077,2068,666666,1379292.38,463586,53,-63236,2,2016-05-16 16:41:18,1
"291","{FBCEF038-C856-4A2A-A8E0-8DA24A2C91B3}","CS1605.DCE",20160302,2068,2076,2077,2055,2070,2066,363846,751997.83,430040,2,-33546,2,2016-05-16 16:41:18,1
"292","{082BE2C6-4340-456B-9421-1F549DC62B37}","CS1605.DCE",20160303,2066,2075,2111,2072,2104,2091,655892,1371892.34,420534,38,-9506,2,2016-05-16 16:41:18,1
"293","{5EE8317C-B0EA-4967-9B9E-1050DB8C4C12}","CS1605.DCE",20160304,2091,2108,2127,2106,2127,2115,405284,857473.9,366624,36,-53910,2,2016-05-16 16:41:18,1
"294","{60B4B03F-13F5-46E8-843F-033E51C090EA}","CS1605.DCE",20160307,2115,2136,2150,2077,2108,2109,553740,1167927.6,331438,-7,-35186,2,2016-05-16 16:41:18,1
"295","{736FE6A8-0E4E-4613-BAE8-F591ED0A8C80}","CS1605.DCE",20160308,2109,2100,2120,2094,2105,2107,307382,647656.03,320918,-4,-10520,2,2016-05-16 16:41:18,1
"296","{45A13355-C190-452E-BDE7-75FFBF463078}","CS1605.DCE",20160309,2107,2098,2117,2081,2099,2100,336828,707590.88,318722,-8,-2196,2,2016-05-16 16:41:18,1
"297","{D23B0A43-CDE9-49A6-AF2D-4AB2A16850F9}","CS1605.DCE",20160310,2100,2100,2107,2060,2070,2082,409596,852842.31,314526,-30,-4196,2,2016-05-16 16:41:18,1
"298","{671111D7-0DD1-46E3-B2A9-C6467AC90D28}","CS1605.DCE",20160311,2082,2072,2123,2061,2116,2094,499836,1046920.35,285668,34,-28858,2,2016-05-16 16:41:18,1
"299","{869DF093-5A14-40C3-95CA-B3A9DEAC7D67}","CS1605.DCE",20160314,2094,2106,2109,2066,2073,2084,374224,779925.17,319834,-21,34166,2,2016-05-16 16:41:18,1
"300","{79503608-39B6-4C99-AA1D-B862EE2E7A09}","CS1605.DCE",20160315,2084,2072,2083,2052,2074,2068,287836,595446.9,315830,-10,-4004,2,2016-05-16 16:41:18,1
"301","{EC09DEB4-39F1-46B2-A40F-03A8889C45AD}","CS1605.DCE",20160316,2068,2066,2076,2040,2041,2055,353888,727547.26,344630,-27,28800,2,2016-05-16 16:41:18,1
"302","{35F25CA1-FD11-4362-BC93-F2745FA637D2}","CS1605.DCE",20160317,2055,2045,2058,2024,2037,2038,367414,748966.05,324300,-18,-20330,2,2016-05-16 16:41:18,1
"303","{898345F1-C6BE-4143-8A0A-24C29AC1A321}","CS1605.DCE",20160318,2038,2032,2119,2032,2066,2069,461578,955200.67,221308,28,-102992,2,2016-05-16 16:41:18,1
"304","{EDC91928-CC55-4097-AB2A-697A7AD74D67}","CS1609.DCE",20160321,1945,1945,2019,1944,2001,1991,445874,888005.78,254864,56,8490,2,2016-03-21 15:29:36,1
"305","{61AF66D7-C2D6-4708-8F3C-2A1042B3F63F}","CS1609.DCE",20160322,1991,2015,2024,1986,1989,1998,342758,684863.06,245218,-2,-9646,2,2016-03-22 15:32:28,1
"306","{2C09428B-DFD7-40FC-9F9F-4C856737381A}","CS1609.DCE",20160323,1998,1996,2019,1986,1998,2001,365600,731791.04,264586,0,19368,2,2016-03-23 15:27:42,1
"307","{2F2B46B1-1A32-4608-A7D5-68E9BEA9125B}","CS1609.DCE",20160324,2001,1985,1992,1960,1972,1976,344840,681588.01,246184,-29,-18402,2,2016-03-24 15:16:32,0
"308","{7EEBF98C-24A8-4AB6-95DE-A85D774AB8A9}","CS1609.DCE",20160325,1976,1976,1986,1964,1976,1976,238140,470761.53,252336,0,6152,2,2016-03-25 15:36:10,1
"309","{7DE02D9C-0BB6-4223-9617-86367272FE08}","CS1609.DCE",20160328,1976,1968,1968,1918,1922,1934,391598,757541.93,248632,-54,-3704,2,2016-03-28 15:24:19,1
"310","{DBAD188B-C45B-474D-8A3A-ED7BED045B8D}","CS1609.DCE",20160329,1934,1918,1945,1910,1938,1932,280134,541420.89,244208,4,-4424,2,2016-03-29 15:25:58,1
"311","{9F33AA08-5528-4024-9677-8B3615CDCA76}","CS1609.DCE",20160330,1932,1938,1947,1934,1935,1938,117024,226854.79,238184,3,-6024,2,2016-03-30 15:30:24,1
"312","{C0364340-980B-4AD8-9629-4D329E9B4A16}","CS1609.DCE",20160331,1938,1925,1935,1896,1913,1914,278126,532509.34,261176,-25,22992,2,2016-03-31 15:29:34,1
"313","{0B5F7E3F-4C67-4A8C-BEE5-D6BA283EF2AA}","CS1609.DCE",20160401,1914,1900,1920,1898,1913,1913,164490,314734.88,265362,-1,4186,2,2016-04-01 15:31:51,1
"314","{2B0A7E28-5762-4093-AD43-DC6E9984B9EA}","CS1609.DCE",20160405,1913,1915,1947,1910,1933,1935,222368,430412.82,257272,20,-8090,2,2016-04-05 15:41:29,1
"315","{AD370D57-2B5D-4D8C-A7EF-5BF4A3BCA538}","CS1609.DCE",20160406,1935,1928,1942,1927,1934,1934,129068,249743.64,247724,-1,-9548,2,2016-04-06 15:35:41,1
"316","{EC615328-A65C-4DDA-B298-33D670566759}","CS1609.DCE",20160407,1934,1938,1941,1910,1912,1920,170028,326534.52,260200,-22,12476,2,2016-04-07 15:26:25,1
"317","{70D98ED4-50FD-4029-AD1E-A1DCD6071EFB}","CS1609.DCE",20160408,1920,1906,1921,1904,1919,1911,173992,332670.41,263268,-1,3068,2,2016-04-08 15:21:38,1
"318","{9A2867CC-FC34-423B-8560-12F6EA57293D}","CS1609.DCE",20160411,1911,1927,1935,1900,1930,1919,236604,454165.51,265802,19,2534,2,2016-04-11 15:25:19,1
"319","{7A9564D6-3B35-4ADE-B26B-680F4F0BAF2E}","CS1609.DCE",20160412,1919,1928,1961,1927,1954,1947,347730,677101.23,270362,35,4560,2,2016-04-12 15:18:56,0
"320","{458E10C3-0ACB-4F68-9113-11FCECB30837}","CS1609.DCE",20160413,1947,1969,1997,1942,1962,1973,360178,710697.59,261724,15,-8638,2,2016-04-13 15:23:18,1
"321","{97BD0655-2AF6-44C3-96CF-B07AAD4A9350}","CS1609.DCE",20160414,1973,1970,2009,1970,2001,1992,357906,713219.56,302274,28,40550,2,2016-04-14 15:15:44,1
"322","{51C216C0-888E-476C-9191-7B9775BC53D7}","CS1609.DCE",20160415,1992,2010,2010,1975,1982,1989,274808,546659.08,289618,-10,-12656,2,2016-04-15 15:25:02,1
"323","{738B307B-41BE-4D7F-A7DD-4B259BD46858}","CS1609.DCE",20160418,1989,1991,2068,1989,2056,2058,1058356,2178105.76,363860,67,74242,2,2016-04-18 15:24:51,1
"324","{E8170D61-6AC9-4F61-A5E0-D8FF47B8D670}","CS1609.DCE",20160419,2058,2071,2099,2055,2068,2076,485776,1008531.84,334704,10,-29156,2,2016-04-19 15:17:25,0
"325","{E5013CB9-AB91-4D96-94DC-75191A65171E}","CS1609.DCE",20160420,2076,2099,2158,2090,2134,2131,523706,1116219.13,320378,58,-14326,2,2016-04-20 15:26:14,1
"326","{D6B7B6FC-61A6-4689-B0EF-2F73EF42BA9C}","CS1609.DCE",20160421,2131,2166,2216,2166,2216,2205,511190,1127622.39,330874,85,10496,2,2016-04-21 15:17:41,1
"327","{6F06ABE4-1AA4-443D-90EC-A7AE48A5C217}","CS1609.DCE",20160422,2205,2180,2198,2115,2143,2157,731726,1578566.35,278830,-62,-52044,2,2016-04-22 15:29:18,1
"328","{126F2674-CAD9-4C38-80EB-F12665637E5C}","CS1609.DCE",20160425,2157,2113,2174,2112,2169,2158,409584,883887.32,303230,12,24400,2,2016-04-25 15:25:11,1
"329","{A0A6143D-90B3-47FE-9DBB-F19B78C5D497}","CS1609.DCE",20160426,2158,2185,2193,2135,2156,2162,351818,760717.15,284352,-2,-18878,2,2016-04-26 15:15:22,0
"330","{E3E70799-6D2B-4CAB-B3D0-52CE07B14AB9}","CS1609.DCE",20160427,2162,2162,2169,2095,2100,2127,375332,798658.38,274566,-62,-9786,2,2016-04-27 15:25:16,1
"331","{50C959DE-4D40-41E8-BA11-7EB731B4D3A9}","CS1609.DCE",20160428,2127,2095,2110,2077,2106,2094,317500,665136.23,276904,-21,2338,2,2016-04-28 15:27:58,1
"332","{44344A58-27FC-4E23-8384-F0B912B65EB0}","CS1609.DCE",20160429,2094,2135,2145,2100,2102,2120,303978,644585.18,292718,8,15814,2,2016-04-29 15:26:43,1
"333","{1A7C2509-498C-4B1E-AC00-51684AF9343F}","CS1609.DCE",20160503,2120,2133,2167,2112,2160,2145,362628,778178.95,316164,40,23446,2,2016-05-03 15:23:01,1
"334","{E9ED5A46-F9A5-48B4-833D-D130F0C97462}","CS1609.DCE",20160504,2145,2130,2144,2120,2144,2131,228040,485975.23,299964,-1,-16200,2,2016-05-04 15:22:46,1
"335","{1DC1CA89-65B9-4FCC-9E21-231AE8F54A72}","CS1609.DCE",20160505,2131,2136,2141,2083,2093,2100,397576,835127.55,295570,-38,-4394,2,2016-05-05 15:25:57,1
"336","{7FA7CE5E-C4D1-449A-BBA0-1E361C3D2EA1}","CS1609.DCE",20160506,2100,2063,2078,2037,2061,2064,256200,528797.7,246202,-39,-49368,2,2016-05-06 15:24:51,1
"337","{55EC0107-7368-4A7A-A4DE-8A2B28993E55}","CS1609.DCE",20160509,2064,2078,2080,2028,2042,2047,220726,451856.68,240250,-22,-5952,2,2016-05-09 15:15:42,0
"338","{2D315B4A-24AF-4ACA-9677-71B1C3035A01}","CS1609.DCE",20160510,2047,2028,2069,2028,2056,2052,212584,436351.01,240480,9,230,2,2016-05-10 15:24:41,1
"339","{C4719E24-648B-4ED4-B97F-190AB2581098}","CS1609.DCE",20160511,2052,2079,2131,2071,2128,2110,406972,859021.27,237534,76,-2946,2,2016-05-11 15:24:14,1
"340","{5DAB9F19-F7F7-48A5-8D18-15BBD7EF145F}","CS1609.DCE",20160512,2110,2119,2135,2086,2103,2104,312626,657844.33,231558,-7,-5976,2,2016-05-12 15:24:58,1
"341","{AD14422A-0305-45A1-ACEC-113FEDA523FF}","CS1609.DCE",20160513,2104,2080,2086,2049,2071,2066,286092,591331.06,214030,-33,-17528,2,2016-05-13 15:22:46,1
"342","{54525789-32B7-4B2F-AC5F-C690E6D60C35}","CS1609.DCE",20160516,2066,2071,2094,2048,2060,2070,189236,391811.13,209416,-6,-4614,2,2016-05-16 15:25:51,1
"343","{72728CFF-1636-49B4-BD4E-E1488D6EA01D}","CS1609.DCE",20160517,2070,2070,2092,2058,2092,2075,132030,273989.82,217610,22,8194,2,2016-05-17 15:16:54,0
"344","{C9C79837-024D-44D1-A932-F40A2BA90554}","CS1609.DCE",20160518,2075,2110,2123,2051,2076,2099,307882,646381.83,204542,1,-13068,2,2016-05-18 15:24:45,1
"345","{02FEFA2B-4070-4C1F-82BB-C0D38726C138}","CS1609.DCE",20160519,2099,2071,2122,2071,2121,2103,276022,580608.57,223550,22,19008,2,2016-05-19 15:15:47,0
"346","{D6DA77E7-C0BF-44C4-9C84-59543F478DC9}","CS1609.DCE",20160520,2103,2123,2141,2106,2136,2120,210422,446198.48,236352,33,12802,2,2016-05-20 15:20:31,0
"347","{D0E0D93D-926D-49AB-952A-03709D119E5F}","CS1609.DCE",20160523,2120,2120,2169,2109,2118,2137,416188,889518.25,236366,-2,14,2,2016-05-23 15:23:26,1
"348","{3C07583F-1EA4-4009-A187-2CD3DEFA1FB2}","CS1609.DCE",20160524,2137,2097,2130,2090,2129,2115,302140,639183.28,241532,-8,5166,2,2016-07-19 10:25:19,1
"349","{F5C65D34-E680-4781-8E98-0215029A2A67}","CS1609.DCE",20160525,2115,2135,2143,2083,2084,2110,273544,577179.28,228852,-31,-12680,2,2016-05-25 15:22:55,1
"350","{DAB57E19-190D-4D45-AC8D-54B8DE68459F}","CS1609.DCE",20160526,2110,2110,2111,2081,2106,2095,203456,426267.21,229506,-4,654,2,2016-05-26 15:24:33,1
"351","{D02DEEB4-FF13-46EA-A405-CF011CE79BF5}","CS1609.DCE",20160527,2095,2100,2148,2095,2146,2130,347826,740878.89,236524,51,7018,2,2016-05-27 15:25:15,1
"352","{D037D3D0-36F4-4370-B47D-65E5017C7B2B}","CS1609.DCE",20160530,2130,2160,2236,2151,2236,2201,463350,1020161.7,293140,106,56616,2,2016-05-30 15:24:05,1
"353","{F2A3ABEA-2ED7-4DD3-839C-87705C49ABFA}","CS1609.DCE",20160531,2201,2236,2277,2219,2242,2246,595040,1336897.31,327134,41,33994,2,2016-05-31 15:12:32,0
"354","{5575B502-270B-43C3-AF75-0DD83A51EA9B}","CS1609.DCE",20160601,2246,2236,2265,2222,2263,2244,475090,1066197.57,366016,17,38882,2,2016-06-17 17:30:44,1
"355","{C32869BA-729B-442B-B906-1CFC4A03C936}","CS1609.DCE",20160602,2244,2293,2299,2241,2243,2272,526784,1197299.91,343534,-1,-22482,2,2016-07-19 10:21:15,1
"356","{910E22D1-CC66-4B7C-875F-0F18DFCC32AD}","CS1609.DCE",20160603,2272,2250,2268,2231,2253,2247,335218,753460.43,331590,-19,-11944,2,2016-06-17 17:30:45,1
"357","{079674F7-0359-421B-882D-6581DC6F25A2}","CS1609.DCE",20160606,2247,2277,2302,2264,2284,2283,320312,731526.48,341834,37,10244,2,2016-06-17 17:30:46,1
"358","{4B1E732F-B490-4A19-821E-1A526FF980BA}","CS1609.DCE",20160607,2283,2298,2298,2245,2260,2264,289018,654495.84,321962,-23,-19872,2,2016-06-17 17:32:48,1
"359","{CF1D44DE-603E-49BF-B784-5CFC41B91858}","CS1609.DCE",20160608,2264,2254,2279,2242,2254,2261,202404,457697.63,307858,-10,-14104,2,2016-06-17 17:20:30,1
"360","{A29F145A-6B24-47DB-B71C-8764E3C2DBEF}","CS1609.DCE",20160613,2261,2276,2355,2273,2319,2321,505198,1172862.12,356582,58,48724,2,2016-06-17 17:20:29,1
"361","{50BA371B-91B0-4B4C-B62B-3DE824E2E541}","CS1609.DCE",20160614,2321,2305,2344,2292,2338,2319,405872,941364.19,359610,17,3028,2,2016-06-17 17:20:29,1
"362","{CECF7B6C-305D-40C5-A358-6EEDC6527F70}","CS1609.DCE",20160615,2319,2359,2374,2254,2291,2306,570482,1315883.05,325452,-28,-34158,2,2016-06-17 17:20:28,1
"363","{BA5FE6B4-D2D5-47E2-A6C8-D8709F9BB44E}","CS1609.DCE",20160616,2306,2290,2290,2220,2222,2250,371618,836490.93,296212,-84,-29240,2,2016-06-17 17:20:27,1
"364","{63E6DA02-A0E3-4781-AB89-6B2A82AB429C}","CS1609.DCE",20160617,2250,2228,2263,2196,2217,2224,392066,872343.82,252788,-33,-43424,2,2016-06-17 17:15:23,1
"365","{13CC9417-7E3B-42B5-8374-7C6337CDF909}","CS1609.DCE",20160620,2224,2231,2252,2206,2219,2225,254588,566667.21,249568,-5,-3220,2,2016-06-20 15:24:35,1
"366","{FF47C706-831E-4DB9-BB8E-E1176A941EBE}","CS1609.DCE",20160621,2225,2210,2243,2210,2241,2229,265786,592679.77,257900,16,8332,2,2016-06-21 15:20:00,1
"367","{93E059A0-A00F-4A47-A86B-1B7A2936603E}","CS1609.DCE",20160622,2229,2220,2249,2211,2233,2229,266690,594453.84,246850,4,-11050,2,2016-06-22 15:22:21,1
"368","{399F9FC0-C255-412D-9B97-016A105C53B4}","CS1609.DCE",20160623,2229,2213,2241,2158,2160,2196,428336,941019.21,241026,-69,-5824,2,2016-06-23 15:21:50,1
"369","{EBF3914E-9C0C-463A-82C6-491B64A059C4}","CS1609.DCE",20160624,2196,2160,2180,2152,2160,2169,233068,505562.33,219966,-36,-21060,2,2016-06-24 16:49:14,1
"370","{22749CC8-F48C-4B6B-B0BC-55903CBAB15A}","CS1609.DCE",20160627,2169,2161,2194,2147,2187,2173,292644,635976.84,209266,18,-10700,2,2016-06-27 15:25:31,1
"371","{51166FEF-0417-4B41-8B4A-4E7380552863}","CS1701.DCE",20160628,1966,1972,2002,1962,1989,1985,102214,202955.82,224358,23,6724,2,2016-06-28 15:24:25,1
"372","{A8FA2B5D-A7BB-45C9-9D83-9CC8B1E73DB5}","CS1701.DCE",20160629,1985,1999,2005,1970,1975,1981,104008,206111.86,239846,-10,15488,2,2016-06-29 15:19:57,1
"373","{E87ACB5C-60B0-41E7-A782-E9AA307850D9}","CS1701.DCE",20160630,1981,1979,2008,1973,1991,1994,130866,261017.12,247404,10,7558,2,2016-06-30 15:17:26,0
"374","{43D7A154-C5A5-4F26-B9D9-A1EF44B00FD3}","CS1701.DCE",20160701,1994,1990,1994,1940,1945,1966,178456,350855.89,269486,-49,22082,2,2016-07-01 15:20:08,1
"375","{62DD9C12-A392-43DF-B0FD-74D5873C2B2B}","CS1701.DCE",20160704,1966,1951,2002,1947,1993,1982,225602,447305.64,289380,27,19894,2,2016-07-04 15:24:42,1
"376","{C3D76D6D-053F-4336-BCC3-39B1A983944A}","CS1701.DCE",20160705,1982,1980,1988,1920,1938,1952,196068,382856.65,293162,-44,3782,2,2016-07-05 15:58:58,1
"377","{7B3360DE-553D-4773-A71B-F1E490D5815E}","CS1701.DCE",20160706,1952,1918,1937,1899,1921,1919,129954,249473.98,295664,-31,2502,2,2016-07-06 15:48:42,1
"378","{C1C275C7-2269-41D0-90B6-8000C068C090}","CS1701.DCE",20160707,1919,1937,1941,1906,1914,1923,108484,208657.36,294216,-5,-1448,2,2016-07-07 15:31:10,1
"379","{045E1AAB-CEE7-4C88-A284-B7401C8EAEDB}","CS1701.DCE",20160708,1923,1901,1915,1870,1897,1895,171566,325174.76,284804,-26,-9412,2,2016-07-08 15:21:56,1
"380","{8A75723C-AF56-48EF-8CD9-15888FE3C14B}","CS1701.DCE",20160711,1895,1915,1924,1900,1912,1910,93794,179220.99,284310,17,-494,2,2016-07-11 15:23:07,1
"381","{6BE7A618-25EA-457E-B121-4B4374E3A0AE}","CS1701.DCE",20160712,1910,1902,1920,1897,1919,1912,113282,216616.82,283834,9,-476,2,2016-07-12 15:31:17,1
"382","{08A4DE1C-69D5-4B15-924B-A90D816977A3}","CS1701.DCE",20160713,1912,1930,1949,1916,1921,1932,137218,265191.17,284166,9,332,2,2016-07-13 15:22:18,1
"383","{10C0BEB5-7F96-4DFC-ACE7-2017621747F2}","CS1701.DCE",20160714,1932,1931,1933,1907,1915,1918,87236,167359.48,293128,-17,8962,2,2016-07-14 15:24:58,1
"384","{A06792AC-8E17-497B-947D-41C8DE094B9A}","CS1701.DCE",20160715,1918,1905,1914,1898,1901,1904,84374,160730.07,301056,-17,7928,2,2016-07-15 15:37:30,1
"385","{341A2B2F-9F28-439B-A8F3-1528F187A846}","CS1701.DCE",20160718,1904,1899,1899,1839,1846,1858,189832,352852.47,325678,-58,24622,2,2016-07-18 15:23:23,0
"386","{48CD9AC5-CB88-4FC3-9016-55225255F290}","CS1701.DCE",20160719,1858,1853,1859,1830,1841,1841,129640,238680.96,339778,-17,14100,2,2016-07-19 15:22:47,1
"387","{93B96119-5DE0-4094-A654-69135A5BA983}","CS1701.DCE",20160720,1841,1838,1856,1796,1853,1829,183112,335021.86,349276,12,9498,2,2016-07-21 15:28:20,1
"388","{66A5ADE6-8E10-41E4-9D37-8FF22C50B904}","CS1701.DCE",20160721,1829,1844,1853,1832,1838,1842,165930,305731.08,376446,9,27170,2,2016-07-21 15:23:14,1
"389","{E73E7A2E-0730-41BC-B73A-1848280AB28E}","CS1701.DCE",20160722,1842,1835,1848,1811,1818,1823,181574,331044.09,387632,-24,11186,2,2016-07-22 15:23:58,1
"390","{BE2B2219-5E9C-4303-8170-2C1F194B9AEC}","CS1701.DCE",20160725,1823,1825,1833,1810,1821,1823,144244,263042.84,390424,-2,2792,2,2016-07-25 15:19:03,1
"391","{4055B378-605E-4C57-842A-750EC2233459}","CS1701.DCE",20160726,1823,1816,1840,1815,1829,1830,149550,273700.79,388232,6,-2192,2,2016-07-26 15:23:46,1
"392","{66496B68-4323-439C-A8C1-5A5409255A62}","CS1701.DCE",20160727,1830,1835,1838,1803,1813,1818,208584,379290.01,409354,-17,21122,2,2016-07-27 15:17:36,0
"393","{D714E40F-9437-4F8F-9E24-C9D6CF5ED32A}","CS1701.DCE",20160728,1818,1820,1820,1780,1789,1797,255926,459939.36,453216,-29,43862,2,2016-07-28 15:17:06,0
"394","{9D9594F6-5891-43A4-8F17-C31A087C25A8}","CS1701.DCE",20160729,1797,1788,1789,1761,1778,1773,288434,511516.1,423760,-19,-29456,2,2016-07-29 15:20:04,1
"395","{4FC7F8DA-308F-4251-87EE-CABC7A190A6E}","CS1701.DCE",20160801,1773,1790,1795,1780,1784,1787,160616,287030.03,428120,11,4360,2,2016-08-01 15:16:46,0
"396","{A5CC1D17-CE21-42C7-A09C-C4010FEA1C6E}","CS1701.DCE",20160802,1787,1778,1826,1766,1810,1804,388734,701302.94,420660,23,-7460,2,2016-08-02 15:23:03,1
"397","{1202AF2D-48CD-4181-A130-41C8BFAF883F}","CS1701.DCE",20160803,1804,1809,1828,1806,1819,1817,241574,439065.91,422000,15,1340,2,2016-08-03 15:24:19,1
"398","{1809BCE2-36C6-4A97-8DDB-07F7DC312402}","CS1701.DCE",20160804,1817,1821,1840,1814,1829,1827,311532,569190.68,416864,12,-5136,2,2016-08-04 15:18:52,0
"399","{80A2238D-0B65-443B-A679-83557ADDA8B7}","CS1701.DCE",20160805,1827,1819,1843,1811,1818,1823,258912,472160.69,431412,-9,14548,2,2016-08-05 15:14:22,0
"400","{B3E2BB9B-613F-4FCC-880F-A682E7013731}","CS1701.DCE",20160808,1823,1823,1830,1782,1786,1799,366390,659493.42,477136,-37,45724,2,2016-08-08 15:22:10,0
"401","{0EA32361-C8F3-4A4C-9557-D0B7BBB1949B}","CS1701.DCE",20160809,1799,1795,1806,1788,1791,1798,257878,463869.49,472854,-8,-4282,2,2016-08-09 15:20:01,0
"402","{7C6CED53-A25E-4B65-BFDB-6983B1895FBE}","CS1701.DCE",20160810,1798,1795,1823,1792,1820,1813,274134,497265.97,464880,22,-7974,2,2016-08-10 15:15:31,1
"403","{179535EB-402E-4F04-9653-18747A6B8991}","CS1701.DCE",20160811,1813,1820,1833,1804,1807,1815,282484,512841.27,469016,-6,4136,2,2016-08-11 15:21:26,0
"404","{50518A67-03F3-4543-8024-75D337BC7D6B}","CS1701.DCE",20160812,1815,1811,1823,1805,1818,1816,181398,329553.42,466826,3,-2190,2,2016-08-12 15:19:15,0
"405","{D54FABD3-BC3F-44DC-9B90-6CC8CF3C7EA9}","CS1701.DCE",20160815,1816,1824,1872,1820,1865,1851,482292,892986.02,503838,49,37012,2,2016-08-15 15:30:03,1
"406","{B4E0DFAD-A872-40DC-8C51-6E0D7BB08573}","CS1701.DCE",20160816,1851,1873,1885,1851,1862,1866,285748,533426.21,502120,11,-1718,2,2016-08-16 15:18:24,0
"407","{F12AD916-234D-4600-871C-CB7247004C10}","CS1701.DCE",20160817,1866,1865,1872,1855,1857,1863,183590,342202.37,509868,-9,7748,2,2016-08-17 15:18:05,0
